club,AVG_SCORE
Breeze,194.89833333333334
Hive,265.24333333333334
Laces,269.9983333333334
Lunar Owls,252.19833333333335
Mist,270.185
Phantom,293.78000000000003
Rose,240.64333333333335
Vinyl,281.19
