club,AVG_SCORE
Breeze,6.58
Hive,6.7948
Laces,7.60075
Lunar Owls,6.648499999999999
Mist,7.159999999999999
Phantom,7.1312000000000015
Rose,5.7018
Vinyl,7.744
