club,AVG_SCORE
Breeze,7.214499999999999
Hive,7.4226
Laces,8.326999999999998
Lunar Owls,7.2825
Mist,7.8334
Phantom,7.819
Rose,6.195
Vinyl,8.466199999999999
